{"cameraMode":{"drawMode":0,"name":"Shaded","section":"Shading Mode"},"sceneLighting":true,"audioPlay":false,"sceneViewState":{"showFog":true,"showMaterialUpdate":false,"showSkybox":true,"showFlares":true,"showImageEffects":true,"showParticleSystems":true},"in2DMode":false,"pivot":{"x":8.490909576416016,"y":0.03451884910464287,"z":36.126319885253909},"rotation":{"x":0.3033255636692047,"y":-0.2688046097755432,"z":0.0900641605257988,"w":0.9099065661430359},"size":72.25206756591797,"orthographic":false}