{"cameraMode":{"drawMode":0,"name":"Shaded","section":"Shading Mode"},"sceneLighting":false,"audioPlay":false,"sceneViewState":{"showFog":true,"showMaterialUpdate":false,"showSkybox":true,"showFlares":true,"showImageEffects":true,"showParticleSystems":true},"in2DMode":false,"pivot":{"x":62.23017883300781,"y":-13.142255783081055,"z":175.79302978515626},"rotation":{"x":0.051207322627305987,"y":0.16140808165073396,"z":-0.008316406048834324,"w":0.9856102466583252},"size":210.85414123535157,"orthographic":false}